<?xml version="1.0" encoding="UTF-8"?>
<project-private xmlns="http://www.netbeans.org/ns/project-private/1">
    <editor-bookmarks xmlns="http://www.netbeans.org/ns/editor-bookmarks/2" lastBookmarkId="0"/>
    <open-files xmlns="http://www.netbeans.org/ns/projectui-open-files/2">
        <group>
            <file>file:/C:/Users/Joonas/Documents/NetBeansProjects/CommandInterpreter/src/chat/Main.java</file>
            <file>file:/C:/Users/Joonas/Documents/NetBeansProjects/CommandInterpreter/src/chat/Observer.java</file>
            <file>file:/C:/Users/Joonas/Documents/NetBeansProjects/CommandInterpreter/src/chat/CommandInterpreter.java</file>
            <file>file:/C:/Users/Joonas/Documents/NetBeansProjects/CommandInterpreter/src/chat/DataBase.java</file>
            <file>file:/C:/Users/Joonas/Documents/NetBeansProjects/CommandInterpreter/src/chat/ChatServer.java</file>
            <file>file:/C:/Users/Joonas/Documents/NetBeansProjects/CommandInterpreter/src/chat/Message.java</file>
            <file>file:/C:/Users/Joonas/Documents/NetBeansProjects/CommandInterpreter/src/chat/User.java</file>
            <file>file:/C:/Users/Joonas/Documents/NetBeansProjects/CommandInterpreter/src/chat/Observable.java</file>
        </group>
    </open-files>
</project-private>
